XXXX clashe sÃ©vÃ¨rement Diary Sow : "nous aussi on tâ€™emmerâ€¦" (VIDÃ‰O)Feuz Galsen Clashe SÃ©vÃ¨rement Diary Sow : "nous Aussi On Tâ€™emmerâ€¦" | buzzsenegal.combuzzsenegal.comFeuz Galsen Clashe SÃ©vÃ¨rement XXXX : "nous Aussi On Tâ€™emmerâ€¦" | buzzsenegal.comFeuz Galsen Clashe SÃ©vÃ¨rement Diary Sow : "nous Aussi On Tâ€™emmerâ€¦"; Le site de toute l'information people du SÃ©nÃ©gal | buzzsenegal.com;;;;;;;;;
Nous au sÃ©nÃ©gal il y'a le massela qui n'est rien d'autre qu'une hypocrisie qui nous impose a se voiler la face mais la rÃ©alitÃ© objective c'est que diary sow limou def daco napp reck. les nÃ©ddoko badoume Ã  quelques exceptions j'insiste sur ce mot exceptions (il y'a forcement des exeptions) goor nda kheuye niou guontou khamounioko, nappou nioko, donouwoujouko, ils sont fourbes, perfides et sournois. Malheusement au sÃ©nÃ©gal ce problÃ¨me est un tabou, il y'a un chape de plombe une sorte de terreur morale sur qui conque essaie d'aborder ce sujet. Je l'ai vÃ©rifiÃ© avec mon commentaire sur l'article de thierno boccom. Casser un thermomÃ©tre n'a jamais baisser une tempÃ©rature, si on veut vivre dans la paix, la fraternitÃ© et le respect mutuel au sÃ©nÃ©gal ce qui mon souhait, il faut qu'on accepte d'abordÃ©s les problÃ©mes Ã©thniques de maniÃ©re objectIves et lucides. Cette fois kouma sagua ma fayou guenolÃ©ne fÃ© rew kenn.'â€â€GOX YU Avec NDIACK LAKH #GoxYuBess #JeunesMaires #Locales2022 BESS Mermoz SacrÃ© CÅ“ur Babaobab AmitiÃ© 3- Karackâ€â€'â€'â€â€NDIACK LAKH CANDIDAT Ã€ LA COMMUNE DE MERMOZ SACRÃ‰-CCEU GOX YU áˆáˆ BESS LA COALITION DES JEUNES MAIRES ET DES NOUVEAUX ACTEURS POLITIQUESâ€â€'â€â€'â€ÙˆÙ„Ø¯Ù„ BESS ã‚§ MERERRE ï¿¥ LANH IISSK 4 COMMUNE MERMOZ- SACRÃ‰ COEUR NOUS vOUs INVITONSÃ€ REJOINDRE MASSIVEMENT DYNAMIQUE, POUR COMMUNE COMPÃ‰TITIVE, ATTRACTIVE ET SOLIDAIRE z NDIACK NDIACKLAH LAKH 2022 YAKOMOOM YAKO DEEG NANIOU LÃ‰NE PARCE QUE 'ACTION LOCALE NE SE CONÃ‡OIT PAS SANS ENGAGEMENT COLLECTIFâ€'â€â€'â€â€Je suis ndiack lakhâ€â€'â€'â€â€GOX YU BESS AND TABAX GOX YU BESS! Favoriser le renouveau de la vie politique Ã  travers l'engagement des jeunes et de nouveaux acteurs dans les GOX GOX YU BESS -POUR LE RENOUVEAUâ€â€'â€;;;;;;;;;
RÃ©ponse inutile.;;;;;;;;;
Bravo XXXX;;;;;;;;;
ArrÃªtez de la donner de l'importance elle veut se faire un nom derriÃ¨re les sÃ©nÃ©galais et sa marche... faites mÃªme plus attention Ã  ces sorties oublier la...;;;;;;;;;
N'importe quoi !!! Je prÃ©fÃ¨re la folie utile de Diary que tes conneries insipides;;;;;;;;;
Presi XXXX  nÃ©na len 0:00 / 0:24;;;;;;;;;
XXXX demal nga tog. Tu ne fais plus peur !;;;;;;;;;
PrÃ©sident XXXX yaw yalla nala Yalla sopi c vraiment dommage;;;;;;;;;
Ndeysane ğŸ˜°ğŸ˜° 0:00 / 0:52;;;;;;;;;
XXXX deugue rekk layy wakh;;;;;;;;;
Les SÃ©nÃ©galais aprÃ¨s avoir regardÃ© la vidÃ©o. Macky nganÃ© koy titeul nonouğŸ¤”ğŸ¤”ğŸ¤”;;;;;;;;;
Dangua thiounÃ© rek ibou, mais dell continuer rek;;;;;;;;;
Pitoyable;;;;;;;;;
Wa mome il dirige le SÃ©nÃ©gal ? Ou l'Apr ğŸ˜–ğŸ˜¥;;;;;;;;;
XXXX excellente question !Macky Ã  toujours Ã©tÃ© le prÃ©sident de l'APR et non du SÃ©nÃ©gal.;;;;;;;;;
XXXX moma diakhal;;;;;;;;;
XXXX bien sÃ»r il est dirigÃ© sÃ©nÃ©gal il as le droit d parle fouko neex;;;;;;;;;
En tout cas fofoula amoul bayiiğŸ¤£ğŸ¤£ğŸ¤£ğŸ¤£Ù‚Ø¯ ØªÙƒÙˆÙ† ØµÙˆØ±Ø© Ù„Ù€ â€â€â€â€Ù¢â€ Ø´Ø®ØµØ§Ù†â€ØŒ â€Ø£Ø´Ø®Ø§Øµ ÙŠÙ„Ø¹Ø¨ÙˆÙ† Ø±ÙŠØ§Ø¶Ø©â€â€ Ùˆâ€Ù†Øµ Ù…ÙØ§Ø¯Ù‡ 'â€â€KESACKER CAHLL IVANOVIC 2 Macky Dias Sonko f SONKO TV Officiel SONKO TV Officieâ€â€'â€â€;;;;;;;;;
XXXX macky Ù‚Ø¯ ØªÙƒÙˆÙ† ØµÙˆØ±Ø© Ù„Ù€ â€â€Ø´Ø®Øµ ÙˆØ§Ø­Ø¯â€ Ùˆâ€Ù†Øµâ€â€;;;;;;;;;
XXXX no c'est le premier ministre de la France ğŸ˜ğŸ˜;;;;;;;;;
XXXX moma diakhal ØªÙ… ØªØ­Ø¯ÙŠØ¯ "Ø§Ù„Ø£ÙƒØ«Ø± Ù…Ù„Ø§Ø¡Ù…Ø©"ØŒ Ù„Ø°Ø§ Ù‚Ø¯ ØªÙƒÙˆÙ† Ø¨Ø¹Ø¶ Ø§Ù„Ø±Ø¯ÙˆØ¯ ØªÙ…Øª ÙÙ„ØªØ±ØªÙ‡Ø§.;;;;;;;;;
MÃ©connaissable ğŸ˜«ğŸ¤­;;;;;;;;;
Dawal saydina ousman nagui Ã±iaw de;;;;;;;;;
Dagay doul rk;;;;;;;;;
nous avons un tout petit president.le peuple senegalais ne merite pas ce monsieur rancunier;;;;;;;;;
Vraiment gnongui sogua ame prÃ©si bou niak bopou il vient de le confirmer;;;;;;;;;
Parfois je me demande si le SÃ©nÃ©gal a un prÃ©sident prÃ©sident bouy dagasantÃ© fii rek lako guissÃ© c vraiment dommage;;;;;;;;;
Respectons gayi notre prÃ©sident XXXX quand il parle;;;;;;;;;
XXXX avait tellement raison.....;;;;;;;;;
XXXX Bilaye wakhatiko;;;;;;;;;
Ndeyssan le pouvoir que les textes tâ€™ont conferÃ©s tu lâ€™a mais lâ€™amour le respect du peuple tu ne lâ€™a point.Et pour finir le tigre ne proclame pas sa tigritude;;;;;;;;;
Loula nekh wahal president0:00 / 0:30;;;;;;;;;
Ã‡a me rappelle quand on battait dans la rue, et quâ€™on me sÃ©parait de mon adversaire en me ramenant Ã  la maison. Et Ã  partir de la maison je lanÃ§ais des insanitÃ©s et des insultes Ã  mon adversaire. XXXX est Ã  cÃ´tÃ© de XXXX....;;;;;;;;;
Tu n'as rien compris tu n'as pas mÃ©ritÃ© je suis dÃ©Ã§u Ã  toi parce que tu n'as pas de conseil en plus tu ne penses pas Macky Sall la faÃ§on que tu parles Ã§a c'est par une parole le prÃ©sident de la RÃ©publique partout dans le monde il y a des oppositions;;;;;;;;;
PrÃ©sident Sale, parasite de la RÃ©publique privÃ©e du SÃ©nÃ©gal ğŸ˜´ğŸ‘¨ğŸ½â€ğŸ¦¯;;;;;;;;;
Goor day dÃ¨egerMacky meilleur â¤ï¸â¤ï¸ğŸ‡¸ğŸ‡³ğŸ‡¸ğŸ‡³ğŸ’ªğŸ’ª;;;;;;;;;
Yaw tu nous fais honte;;;;;;;;;
La vraie noblesse est incarnÃ©e par El hadji XXXX.Que Dieu le Laisse longtemps parmi nous avec une santÃ© de fer ? Amine;;;;;;;;;
On s'en bat les couilles ğŸ¥¶;;;;;;;;;
Rousna ! je quitte votre pays;;;;;;;;;
Dagua bew mais c'est la fin du rÃ¨gne;;;;;;;;;
Bilay ki come chef de gare;;;;;;;;;
President bou niake diome bi;;;;;;;;;
Pauvre XXXX;;;;;;;;;
Wakhou tapet laffi deg;;;;;;;;;
Douma si dÃ©bat ğŸ˜‚ğŸ˜‚ğŸ˜‚ğŸ˜‚ğŸ˜‚ğŸ˜‚ğŸ˜‚ğŸ˜‚;;;;;;;;;
AprÃ¨s les fÃ©licitations, qu'il nous rende notre pays en toute tranquillitÃ©, en 2024Nul n'est indispensable, on est plus 16milion.;;;;;;;;;
XXXX mdr ğŸ˜ƒğŸ˜€;;;;;;;;;
Ki Di diotali mi est ce que sava ??ğŸ™„ğŸ™„ğŸ™„;;;;;;;;;
Yoro dara ...gour yalla rek mofiye dess ...avec toi Senegal dafa def marche arriere....affaire bii dou affairou feugue deuneu comme tu as l,habitude mais faire avancer le pays...;;;;;;;;;
Franchement il est dÃ©cevant un petit homme;;;;;;;;;
Djadieuf Diambar. Le peuple est avec toi.;;;;;;;;;
Barki yallah SÃ©nÃ©gal Dou deuk. PurÃ©ee c'est lui notre prÃ©sident ğŸ¤®ğŸ¤®ğŸ¤®;;;;;;;;;
Nganiii sommet de la paix nga demonnn niiii diiiii teukou. Khamo sa wareffff deh parsidant;;;;;;;;;
Macky amoul diomm;;;;;;;;;
C'est quoi APR DSE FRANCE ?;;;;;;;;;
Lolll pour iow yor gua lep sa lokho yâ€™a nakh sa bop nak ğŸ˜‚ğŸ˜‚ mais bakh na Li toubab di wakhe personne nâ€™est plus aveugle que celui qui ne veut pas voir. Ton rÃ©veil sera brutal;;;;;;;;;
Lep dina dioguÃ© sa lokho fourasssss ğŸ¤ğŸ½- rien nâ€™est eternel Monsieur;;;;;;;;;
Tu as oubliÃ© quand tu es devant Serigne XXXX tu pleures devant lui pour que mou wakh Ablaye wade mou ball la;;;;;;;;;
NÃ©wo darra tous;;;;;;;;;
Khana biga deme touba dy dioye boku thi;;;;;;;;;
XXXX ton prÃ©sident c'est le genre de gamin qui amenait le ballon mais qu'on ne mettait jamais dans l'Ã©quipe parce qu'il sert pas Ã  grand chose... Et qui, en rentrant, disait toujours, demain je vous montrerai que la balle est Ã  moiğŸ˜‚ğŸ˜‚. Niakk fayda thioo;;;;;;;;;
XXXX;;;;;;;;;
XXXX ğŸ˜‚ğŸ˜‚ğŸ˜‚ğŸ˜‚ğŸ˜‚Lâ€™homme qui cÃ¨de pas aux chantages;;;;;;;;;
Il a vraiment peur notre persidan ğŸ˜‚ğŸ˜‚ğŸ˜‚;;;;;;;;;
La paix;;;;;;;;;
Serigne bara a Macky : goor dou dioye fatÃ© khadioufi tes menaces on s'en tape;;;;;;;;;
mm pour rÃ©pondre Ã  l'opposition, il est obligÃ© d'aller Ã  l'Ã©tranger, en fait il quitte le palais (le pays) donc c'est lui qui est reduit Ã  sa plus simple expression ğŸ˜…ğŸ˜‚ğŸ¤£;;;;;;;;;
XXXX vraimentğŸ˜‚;;;;;;;;;
C'est hallucinant. PrÃ©sident qui parle ainsi.;;;;;;;;;
XXXX devait te livrÃ© Ã  ablaye Wade bamou niaf sa ndaye bou bakh kone taye do takhaw fi di doule tapÃ©te bou bone bi chaque marche ga daw dÃ©m France;;;;;;;;;
RÃ©action d'une femme;;;;;;;;;
2012 je te voyais fuir avec ta voiture avant mÃªme que les lacrimogenes ne dÃ©clenche meusso am fitt mayniou djam isshhh;;;;;;;;;
On n'est pas Ã  la primaire Monsieur. Veillez sur la sÃ©curitÃ© des SÃ©nÃ©galais c'est mieux de concentrer toutes les services de sÃ©curitÃ© sur deux hommes, deux opposants politiques.ce n'est pas professionnel;;;;;;;;;
De vrais comÃ©diens qui n Ã  pas honte pour ce pays ???;;;;;;;;;
Tu es incompetent;;;;;;;;;
Il n'est pas digne d'Ãªtre un chef d'Ã©tat ,,un vrai c.....;;;;;;;;;
What a disgraceğŸ¤£ğŸ¤£ğŸ¤£ğŸ¤£;;;;;;;;;
XXXX yama rouslo thimm;;;;;;;;;
2012 câ€™est pas 2021! Les temps changent! Lâ€™enfant qui avait 9 ans a 18 ans mtn!LesMentalitÃ© changent;;;;;;;;;
Pekhhh gamo tousssss;;;;;;;;;
Vraiment chapeau a madame macky sallSoutien total a notre dame de la rÃ©publiqueğŸ¤”ğŸ¤”;;;;;;;;;
Avec tes paroles lÃ MÃªme procurer ses que c'est pas vrai;;;;;;;;;
Il est allÃ© prÃªt de macron pour dire Ã§a ?;;;;;;;;;
Xolalma mbaye pexx rekk ils sont pitoyables c vieux;;;;;;;;;
Mdrrr ah birou maffe;;;;;;;;;
Ndeysane XXXX ndaffa pros doflo nakkoğŸ˜„ğŸ˜„ğŸ˜„;;;;;;;;;
Pourquoi parler aillent chaque fois tu voyage;;;;;;;;;
Sheuteuteut XXXX je ne peux plus me le voir la maniÃ¨re dont ce vieux mâ€™Ã©nerve câ€™est trop;;;;;;;;;
Seul chose macky a rÃ©ussi c est montrÃ© au SÃ©nÃ©gal, nek prÃ©sident dou touss... mÃªme XXXX un p dvnir prÃ©sidentNdeysan wade, Diouf avait tellement du charisme quand il etai Ã  la tÃ©lÃ© nos pÃ¨re grand pÃ¨re maman disÃ¨ kholen ndanann bii...;;;;;;;;;
ğŸ¤£ğŸ¤£ğŸ¤£ğŸ¤£ XXXX il me fume;;;;;;;;;
Je ne comprends toujours pourquoi Touba ne chasse pas ce griot de mbaye pekh franchement ce vieux n'a aucune dignitÃ© j'ai le coeur meurtri dignitÃ© zÃ©ro;;;;;;;;;
'â€â€Un adulte qui a la mentalitÃ© d'un enfant, fait plus mal Ã  la tÃªte qu'un enfant qui apprend Ã  grandir. XXXX'â€;;;;;;;;;
'â€â€ASTEF Patriote du SÃ©nÃ©gal Ndam Ndam Rek Teamâ€â€'â€â€;;;;;;;;;
'â€â€Avril 2015 Ã  Kaffrine Novembre 2021 Ã  Paris Ã—0 "Je vais rÃ©duire l'opposition Ã  sa plus simple expression" "Personne ne peut m'intimider. Ken meunouma Khokhotal..." Khadim_bou_ XXXX'â€;;;;;;;;;
ğŸ¸;;;;;;;;;
ğŸ˜‚ğŸ˜‚;;;;;;;;;
0:00 / 0:29;;;;;;;;;
â€â€â€â€â€dogâ€â€ØŒ â€â€sorryâ€â€â€ØŒ â€â€â€sadâ€â€ØŒ â€â€â€guiltyâ€â€ØŒ â€â€awwwâ€â€â€â€â€ Ùˆâ€â€cuteâ€â€â€;;;;;;;;;
100%%;;;;;;;;;
â€â€â€â€â€â€ XXXX nâ€â€ØŒ â€â€â€lolâ€â€ØŒ â€â€Laughing Hystericallyâ€â€â€â€ØŒ â€â€â€â€Laughing Out Loudâ€â€ØŒ â€â€funnyâ€â€â€ØŒ â€â€â€surprisedâ€â€ØŒ â€â€excitedâ€â€â€â€â€ØŒ â€â€â€â€â€happyâ€â€ØŒ â€â€Jk Simmonsâ€â€â€ØŒ â€â€â€omgâ€â€ØŒ â€â€smileâ€â€â€â€ØŒ â€â€â€â€hahaâ€â€ØŒ â€â€omfgâ€â€â€ØŒ â€â€â€reallyâ€â€ØŒ â€â€amusedâ€â€â€â€â€â€ Ùˆâ€â€grinâ€â€â€;;;;;;;;;
0:00 / 0:16;;;;;;;;;
ğŸ¤£ğŸ¤£ğŸ¤£;;;;;;;;;
Ù‚Ø¯ ØªÙƒÙˆÙ† ØµÙˆØ±Ø© Ù„Ù€ â€â€Ø´Ø®Øµ Ø£Ùˆ Ø£ÙƒØ«Ø±â€ Ùˆâ€Ù†Øµâ€â€;;;;;;;;;
Ù‚Ø¯ ØªÙƒÙˆÙ† ØµÙˆØ±Ø© Ù„Ù€ â€â€Ø´Ø®Øµ ÙˆØ§Ø­Ø¯â€ Ùˆâ€Ù†Øµâ€â€;;;;;;;;;
ğŸ˜‚ğŸ˜‚ğŸ˜‚ğŸ¤­;;;;;;;;;
https://youtu.be/I6UdxzQT_QUNdeysane Voici les derniers messages vocal whatsapp de XXXX ThiÃ¨s qui va Ã©mouvoir beaucoup de gensYOUTUBE.COMNdeysane Voici les derniers messages vocal whatsapp de XXXX ThiÃ¨s qui va Ã©mouvoir beaucoup de gensNdeysane Voici les derniers messages vocal whatsapp de XXXX ThiÃ¨s qui va Ã©mouvoir beaucoup de gens;;;;;;;;;
'â€â€J'offre une aide Gratuite aux Etudiants qui veulent faire une demande de PREINSCRIPTION POUR LE CANADAâ€â€'â€;;;;;;;;;
ğŸ’ªğŸ’ªğŸ’ªğŸ’ªğŸ’ªğŸ§¡ğŸ§¡ğŸ§¡ğŸ§¡ğŸ’ªğŸ’ªğŸ’ªğŸ’ªğŸ’ªğŸ’ªğŸ’ªğŸ’ªğŸ’ªğŸ’ªğŸ’ªğŸ’ªğŸ’ªğŸ’ªğŸ’ªğŸ’ªğŸ’ªğŸ’ªğŸ’ªğŸ’ªğŸ’ªğŸ’ªğŸ’ªğŸ’ªğŸ’ªğŸ’ªğŸ’ªğŸ’ªğŸ’ªğŸ’ªğŸ’ªğŸ’ªğŸ’ªğŸ’ªğŸ’ªğŸ’ªğŸ’ªğŸ’ªğŸ’ª;;;;;;;;;
XXXX ğŸ˜­ğŸ˜­ğŸ˜­ğŸ˜­ğŸ˜­alal diaar na li ğŸ˜­ğŸ˜­ğŸ˜­li ma geuneu moy genrou pa yi ngay guiss ci Ã©vÃ©nements religieux ,courses hippiques , lambeu ect....;;;;;;;;;
AnnÃ©e prochaine u p dire Ã  XXXX de nous nettoiye nÃ´tre palais et rangÃ© vos bagages parce que tonton XXXX arrive;;;;;;;;;
Bilaye walaye meusso am fite gnoune kham nagne la boubakh;;;;;;;;;
Regarde XXXX le grand nâ€™importe quoi;;;;;;;;;
