Tweet,French,Wolof,English,Arabic,Emoji,Sereer,Pulaar
à¸—à¸¸à¸à¸„à¸™à¸„à¸°à¸­à¹ˆà¸²à¸™à¸—à¸µà¹ˆà¹€à¸£à¸²à¸Šà¸µà¹‰à¹à¸ˆà¸‡à¸”à¹‰à¸²à¸™à¸šà¸™ à¹à¸¥à¸°à¸—à¸´à¹‰à¸‡à¹€à¸¥à¸‚à¸šà¸Šà¹ƒà¸«à¹‰à¹€à¸£à¸²à¸—à¸²à¸‡à¹€à¸”à¸¡à¹„à¸”à¹‰à¹€à¸¥à¸¢à¸™à¸°à¸„à¸° XXXX XXXX XXXX https://t.co/AMliFNuEny,,,,,,
XXXX à¹€à¸¥à¸·à¹ˆà¸­à¸™à¹€à¸£à¸²à¸¡à¸² 5 à¸£à¸­à¸šà¹à¸¥à¹‰à¸§à¸„à¹ˆà¸° à¹‚à¸„à¸£à¸•à¹€à¸šà¸·à¹ˆà¸­à¸„à¹ˆà¸°à¸„à¸¸à¸“à¸«à¸™à¸¸à¸™ à¸­à¸µà¸à¸„à¸™à¸«à¸²à¸¢à¹„à¸›à¹€à¸¥à¸¢à¹à¸•à¹ˆà¸•à¸²à¸¡à¸¥à¹ˆà¸²à¸«à¸±à¸§à¹à¸™à¹ˆà¸™à¸­à¸™ à¹€à¸‹à¹‡à¸‡à¸‡à¸„à¹ˆà¸°à¹à¸‡,,,,,,
à¸£à¸šà¸à¸§à¸™à¸—à¸¸à¸à¸„à¸™à¸—à¸µà¹ˆà¸œà¹ˆà¸­à¸™à¹€à¸ªà¸·à¹‰à¸­à¹à¸šà¸¡ 13 à¸„à¸™ à¸—à¸´à¹‰à¸‡à¹€à¸¥à¸‚à¸šà¸Šà¹ƒà¸«à¹‰à¹€à¸£à¸²à¸—à¸²à¸‡à¹€à¸”à¸¡à¹€à¸¥à¸¢à¸™à¸°à¸„à¸° à¸„à¸·à¸™à¸™à¸µà¹‰à¹€à¸£à¸²à¹‚à¸­à¸™à¸„à¸·à¸™à¸„à¸£à¸šà¸—à¸¸à¸à¸„à¸™à¸„à¹ˆà¸°   *à¸¢à¸·à¸™à¸¢à¸±à¸™à¸„à¸³à¹€à¸”à¸´à¸¡à¸–à¹‰à¸²à¸ˆà¸µà¹‰à¸™à¸²à¸‡à¸ªà¹ˆà¸‡â€¦ https://t.co/6bTOmSjQNL,,,,,,
XXXX Nice video,,,,,,
Yayou bayam ğŸ¥°â¤ï¸ https://t.co/OEQRPZP69M,,,,,,
#NowPlaying Matar Laye DIOP - Seydina Limamou https://t.co/BgyzK9adct,,,,,,
XXXX Ã‡a va faire beaucoup de bÃ©bÃ© dans la S3ğŸ¤£,,,,,,
Les retrouvailles de Paris: https://t.co/q3d5aKOTak #Afrique,,,,,,
XXXX XXXX XXXX en mode insomnie,,,,,,
XXXX SenegalğŸ‡¸ğŸ‡³â™¥ï¸ğŸ’ªğŸ¾âš½ï¸,,,,,,
DÃ©couvrez une portion de L'Histoire de l'HumanitÃ©(22.326 av. J.C.) et Les Enjeux actuels de la Conscience humaine aâ€¦ https://t.co/QFba6lpnKw,,,,,,
https://t.co/4D925phdvH,,,,,,
XXXX Nous sommes tous tellement triste d'entendre ces milliers de temoignages depuis 2011. Nous voulons la pâ€¦ https://t.co/Daj0xZmirb,,,,,,
Jefe XXXX Ne cesser de se disputer parce que l'on refuse de se rendre compte qu'on aime celui qu'on considÃ¨re comme un simple pote...,,,,,,
XXXX Il yâ€™a pas dani Alves,,,,,,
XXXX XXXX XXXX XXXX XXXX XXXX XXXX XXXX https://t.co/bKEYnSlfno,,,,,,
XXXX Sâ€™ils font comme Jumia; ils risquent de perdre. Câ€™est une entreprise qui est entrain dâ€™Ã©merger aussi.,,,,,,
XXXX XXXX ğŸ¥°ğŸ¥°ğŸ¥°,,,,,,
XXXX XXXX ğŸ™ğŸ¿ğŸ™ğŸ¿,,,,,,
XXXX Damako waxx ba sone il n'a que 20 pige il lui reste une Ã©norme marge de progression mais vite fait niou rayy leu,,,,,,
Congratulations XXXX ğŸ‘ğŸ¾ğŸ‘ğŸ¾ğŸ‘ğŸ¾ğŸ‘ğŸ¾ğŸ‘ğŸ¾ğŸ‡¨ğŸ‡¦ğŸ‡¨ğŸ‡¦ğŸ‡¨ğŸ‡¦ğŸ‡¨ğŸ‡¦ğŸ‡¨ğŸ‡¦ #WeTheNorth,,,,,,
Je rends toujours services Ã  des gens qui vont jamais Ãªtre lÃ  pour moi si je suis dans le besoin mais est ce que Ã§a mâ€™a tuÃ© aussi,,,,,,
Chacun de mes soutiens dans mon combat pour la libÃ©ration du #Gabon est une partie de moi; et aujourdâ€™hui; une partâ€¦ https://t.co/DLKGSivaMx,,,,,,
Pourquoi vous attendez toujours quelque chose en retour quand vous aidez les gens ? Ã‡a me fait rire de toujours entâ€¦ https://t.co/cLvNJqMYqj,,,,,,
XXXX Kokou Dara safoukoğŸ˜‚,,,,,,
XXXX XXXX XXXX XXXX XXXX XXXX XXXX Non! Arretez ce populismeâ€¦ https://t.co/uStynsCHsn,,,,,,
XXXX Dem mbeukentÃ© ak Ã©quipe you ndaww yiğŸ˜‚ğŸ˜‚,,,,,,
XXXX ğŸ˜­ğŸ˜­ğŸ˜­bul yÃ q sama der ci pÃ©nc mi,,,,,,
XXXX XXXX Plus les vÃ©tÃ©rans et mÃªme Roberto sera de la partie ğŸ˜‚ğŸ˜‚,,,,,,
XXXX AmineğŸ™ğŸ¾ğŸ™ğŸ¾ğŸ˜”ğŸ˜”,,,,,,
No vigorous rejection of such presence? No media campaign? No condemnation? Hypocrites! XXXX XXXX https://t.co/8yMsps0Bpy,,,,,,
XXXX Biggy da diekh saax ğŸ– mangui fatali premiÃ¨r  mandat bi ndey saan bou meussaan am audience au palais bâ€¦ https://t.co/JhgYkRIfJj,,,,,,
XXXX XXXX XXXX XXXX Les hommes de Allah ne meurt jamais; Allah voulait les laisserâ€¦ https://t.co/IMElP3GIPU,,,,,,
Pourquoi le 12Ã¨me GaÃ¯ndÃ© a quittÃ© le stade Ã  15mn de la fin du match SÃ©nÃ©gal-Congo https://t.co/jTuiNDUdwK #senegal #kebetu #team221,,,,,,
Kalidou Koulibaly : Â«Â Pape Abou a fait un grand match... On doit Ãªtre humble si on veut...Â Â»â€¦ https://t.co/SfcP5LYWby,,,,,,
Alfred Gomis : Â«Â Le coach sait qu'il peut compter sur deux trÃ¨s bons gardiens...Â Â» https://t.co/sUxxdKYyiA #senegal #kebetu #team221,,,,,,
ThiÃ¨s / Locales 2022 : Â«Â And Siggil ThiÃ¨sÂ Â» toujours dans l'optique de maximiser ses chances de remporter le Â«Â chalâ€¦ https://t.co/F58FqiCtXr,,,,,,
Le PrÃ©sident Joe Biden Ã©crit au coordonnateur de Jamra Ã  Columbus (Ohio) https://t.co/TFG5LTkUVE #senegal #kebetu #team221,,,,,,
Covid-19 - Les Autrichiens non vaccinÃ©s confinÃ©s Ã  partir de lundi https://t.co/qA33hnGVPN #senegal #kebetu #team221,,,,,,
Burkina Faso - Au moins 20 morts dans une attaque contre un dÃ©tachement de gendarmerie https://t.co/I4OfBrvTk9 #senegal #kebetu #team221,,,,,,
Affaire Sweet Beauty ou comment un complot d'Etat a failli se transformer en Printemps sÃ©nÃ©galaisâ€¦ https://t.co/qELZqVeit2,,,,,,
Attaque du commissariat de Koro. Extremement inquiet pour les amis de la famille la bas. Allah ka aw soutoura https://t.co/iyVPlUQW5Y,,,,,,
XXXX ArrÃªtez len waay actuellement ni bane goor mo beug nek ak jiguen bou moussoul  ak jiguen bou free wâ€¦ https://t.co/K2wcBXZpnp,,,,,,
XXXX Niou dem â˜ºï¸,,,,,,
XXXX Bonne nuit,,,,,,
2:50 en train de ragarder #Adele One Night Only ğŸ˜ #AdeleCBS,,,,,,
XXXX BlessÃ©,,,,,,
XXXX Simple! A few elitist globetrotters wanted to copy something they saw during a conference and came back aâ€¦ https://t.co/nH369xBaWh,,,,,,
XXXX WÄhoo,,,,,,
XXXX Mbecil,,,,,,
XXXX ğŸ˜‚ğŸ˜‚ğŸ˜‚teudil,,,,,,
XXXX Joyeux anniversaire mec,,,,,,
XXXX Beiguei way,,,,,,
XXXX Bachirbsk20,,,,,,
XXXX nexoul degg mais c'est juste la vÃ©ritÃ© mdr,,,,,,
XXXX XXXX XXXX XXXX Si tu veux vraiment savoir alors envoie un message en PrivÃ©,,,,,,
XXXX Nonnn damlay wah rkğŸ˜‚,,,,,,
XXXX â™¥ï¸â™¥ï¸â™¥ï¸,,,,,,
Chez Roger mom amouniou daraay tiaxaane https://t.co/QdoHrX4iQO,,,,,,
Curry bou mbirr yi tanguei day reire loumou miine saxğŸ¥±ğŸ˜‚,,,,,,
XXXX No yaw boko si ğŸ¥°ğŸ¥°,,,,,,
ğŸ’€ğŸ’€ğŸ’€ğŸ’€ğŸ’€ğŸ’€ğŸ’€ https://t.co/1F4rxH9WN9,,,,,,
XXXX Une meuf qui se moque du physique des autres,,,,,,
XXXX XXXX XXXX XXXX XXXX Ambassade du Mali a Moscou doivent faire ce travail d'aâ€¦ https://t.co/gmXZpHGABP,,,,,,
XXXX XXXX Option leu deh XXXX si c'est lÃ©gal et zÃ©ro effet aprÃ¨s coma; je suis patient number ba fÃ©â€¦ https://t.co/oRqqnGD6ZQ,,,,,,
https://t.co/yv7fs1hIrF,,,,,,
XXXX Feuuuuuuuuu,,,,,,
XXXX DinÃ© gyi def ma nior beug na tabakh benene sakh,,,,,,
XXXX XXXX Comme ca ma oubii yone bi sakh,,,,,,
XXXX Salal sokhna si on se connait ??,,,,,,
Sur 2 personnes; 3 sont hypocrites ici . Bonne nuit.,,,,,,
Defois on veux grave dormir mais les sorciers de nos  villages nous envoi des moustiqueğŸ˜‘ğŸ˜‘purÃ©Ã©Ã©e,,,,,,
XXXX Falay moudiou amoo nieurign nakatÃ©ğŸ˜ª,,,,,,
There are so many things you need to avoid when talking/interacting/living with someone depressive.  Je trouve quâ€™iâ€¦ https://t.co/aKb6LM3DJz,,,,,,
Tapette*,,,,,,
XXXX Cops mey nelawi mo geun woor,,,,,,
XXXX Bon anniversaire ğŸŠğŸ‰,,,,,,
US Ouakam : le prÃ©sident Abdoul Aziz GuÃ¨ye annonce son dÃ©part https://t.co/NevI7QX5hq,,,,,,
#NowPlaying Unknown - Zikrullah Dahira Rufisque BST 2018.mp3,,,,,,
XXXX XXXX XXXX La reponse est dans ta question...,,,,,,
XXXX Bon anniversaire ğŸŠğŸ‰,,,,,,
XXXX Deet do livreur ?ğŸ˜«,,,,,,
XXXX Les 18- 30 ans sont ou ? on veut les entendre! Durant le recensemment en cours on a du forcer les jeâ€¦ https://t.co/FxixWINSYs,,,,,,
Câ€™est mieux je dors. Je verrais dans les jours Ã  venir,,,,,,
Il mâ€™envoie encore ? Yeh ğŸ˜­..,,,,,,
XXXX XXXX XXXX XXXX XXXX https://t.co/WeltDDqW7m,,,,,,
Allah ilaha ilallah la ilaha ilallahğŸ˜­ğŸ˜­ğŸ˜­,,,,,,
Ndeysane laal neu replis stratÃ©gique ! Beugouma tapete mane !!,,,,,,
XXXX XXXX Bayil ma kii rkğŸ˜…,,,,,,
Salut Coach GORA; je veux vraiment parler un bon anglais. On mâ€™a dit que tu es le meilleur.  Moi: https://t.co/qAIFREBWM2,,,,,,
XXXX XXXX ğŸ˜ğŸ˜ Thanks Angel Face ğŸ˜Š,,,,,,
ğŸ´â€â˜ ï¸ https://t.co/EucEeVYuYr,,,,,,
XXXX Wouyyyy ils ont dead Ã§ağŸ˜…ğŸ˜…ğŸ˜… guys yi danio dÃ¨gğŸ˜…ğŸ˜…ğŸ˜…ğŸ˜…mbaye barrage kayyyyh.,,,,,,
XXXX Revoir tes sorties mÃ©diatiques et essaie de parfaire ta communication. Toutes les choses quâ€™ils teâ€¦ https://t.co/D87L3HlJDM,,,,,,
XXXX Bon anniversaire ğŸ‰ğŸŠ,,,,,,
XXXX Thanks bro âœŒğŸ¾ğŸ˜­,,,,,,
XXXX Damko fateiğŸ˜­,,,,,,
ğŸ”¥,,,,,,
XXXX Le plus important c'est que les jeunes s'organisent pour que leurs visions; leurs ambitions soient pâ€¦ https://t.co/ApG8Y9521f,,,,,,
XXXX XXXX Kii mo niou topei mboro sii bopam,,,,,,
Sorry; I am back in the future https://t.co/VpjMyRVMRm,,,,,,
XXXX Trop mm,,,,,,
Steph StephğŸ¥°ğŸ¤£ğŸ¤£ğŸ¤£ğŸ¤ŒğŸ¾ğŸ¤ŒğŸ¾ğŸ¤ŒğŸ¾ğŸ¤ŒğŸ¾ğŸ¥°,,,,,,
XXXX Lolou mom gorei woul,,,,,,
XXXX XXXX ğŸ˜­ğŸ˜­ bari gua si morom,,,,,,
XXXX Parce que les acteurs de la revolution soudanaise avaient ete associes des le depart... ce qui ne fut pasâ€¦ https://t.co/aYKp3vgBw4,,,,,,
XXXX XXXX XXXX ğŸ˜­ğŸ˜­ğŸ˜­ğŸ¤£,,,,,,
XXXX Bonne nuit,,,,,,
XXXX Elle est nulle oft,,,,,,
XXXX Boy goudii na teudil toom ya travail,,,,,,
XXXX Hee teudil,,,,,,
Tameu couchant bakhoul fou heure bi djotei sa birbi doula may jamm wepepeeeğŸ˜­ğŸ˜­ğŸ˜­,,,,,,
https://t.co/stY39CWvav,,,,,,
SÃ©nÃ©gal - Congo / Krepin Diatta : "On pouvait tuer le match plus tÃ´t..." https://t.co/pcUpHp6NnR https://t.co/tLyz86Lf7l,,,,,,
Hasbi bihi wa bi Taha Hasbi bi Cheikhi Tijani â¤ï¸ https://t.co/u1ryoRrNUe,,,,,,
Il a parlÃ© et bien mÃªme ğŸ”¥ğŸ”¥XXXX Mondial 2022 : Le Ghana assure sa place en barrages https://t.co/rMmFwOuokp,,,,,,
Deux contrÃ´les de suite demain(on a mm pas rÃ©visÃ©) https://t.co/Vo7IgTLGjq,,,,,,
XXXX Aussi vicieux que pouvait Ãªtre khadafi il nâ€™a pas fait pire que lâ€™Occident en matiÃ¨re de crime contreâ€¦ https://t.co/QyxVSv81dW,,,,,,
XXXX Ma niawlou ??,,,,,,
Hashta ğŸ¦ğŸ¨ https://t.co/w5JT4BKVq8,,,,,,
XXXX XXXX XXXX XXXX Mais comme on a pris des engagements aupres de la Communaute Internatiâ€¦ https://t.co/uHYXY342JN,,,,,,
ğŸ˜­ğŸ˜­ğŸ˜­ğŸ˜­ğŸ˜­ https://t.co/RDXDE5ewWX,,,,,,
XXXX ğŸ˜­ğŸ˜­ğŸ˜­ Bro noto way ğŸ˜‚,,,,,,
ğŸ‘€ https://t.co/ITAzIJmbMK,,,,,,
XXXX Xam xam da yaatu,,,,,,
tete de oim j'vais pas assumer dans 5h,,,,,,
XXXX ğŸ˜‚,,,,,,
XXXX Nako nieup yeuk ğŸ˜­ğŸ˜â¤ï¸,,,,,,
XXXX XXXX "IlsÂ surfentÂ sur 1 certain courant 2 l'opinion publique malienne qui veut que les militaires russesâ€¦ https://t.co/oBHMN7lwT4,,,,,,
https://t.co/MmRH2o0PFR https://t.co/QSJ0ANKDmZ,,,,,,
#NouvellePhotoDeProfil â¤ï¸ XXXX https://t.co/bvZcB1hXGQ,,,,,,
Bamba gars yi mayougn Ko Dara si daales yi ğŸ˜‚ğŸ˜‚ğŸ˜‚,,,,,,
La Une de votre quotidien Les Ã‰chos du Lundi 15 Novembre 2021. Bonne Lecture   #LesEchos #LeGrandJournalâ€¦ https://t.co/QdHgQZcD7v,,,,,,
XXXX Amine ğŸ™ğŸ¾â¤ï¸â¤ï¸â¤ï¸ On se sait amigaaa ğŸ¤©,,,,,,
XXXX Merci grand. Yup Keur Massar.,,,,,,
Cheikhou KouyatÃ© : " On va se prÃ©parer pour la CAN avant de passer aux barrages..." https://t.co/RjxYI5rIDZ https://t.co/yBmTymwXWA,,,,,,
Alioune Badara Faty (Casa Sport) : " On va se battre pour revenir en sÃ©lection..." https://t.co/YyayD3uL8L https://t.co/61B42mXova,,,,,,
AprÃ¨s vous dites que wolof nâ€™est pas une ethnie mais une langue ; guisna noumou metterğŸ˜­ https://t.co/IUNgmkH2Uu,,,,,,
XXXX XXXX Croisons les doigts. Au top physiquement; Nampalys est un bon milieu. Je le suis depuis ses annÃ©es Ã  l'OGC Nice.,,,,,,
XXXX Absolument !,,,,,,
XXXX XXXX "Le vrai problÃ¨me; c'est que le recours Ã  Wagner ne sera pas sans consÃ©quence; d'une part pour les pâ€¦ https://t.co/7r0zmlRFpz,,,,,,
XXXX XXXX Câ€™est parce quâ€™on nâ€™a mentionnÃ© Messi que jâ€™ai commentÃ© sinon lâ€™autre mâ€™en blc. Et pasâ€¦ https://t.co/OPQF6z5k4X,,,,,,
XXXX Bon anniversaire ma chÃ¨re borom flow bi ak masque bi ak carreau biğŸ˜ Longue fils ğŸ™ Enjoy it ğŸ¤©ğŸ¥³ğŸ‚,,,,,,
XXXX ğŸ˜‚ğŸ˜‚ğŸ˜‚Adja peuzy bakhnaa,,,,,,
XXXX J'ai lu Ã§a dans l'interview d'ailleurs son voyage avait un rapport avec sa thÃ¨se,,,,,,
Seukheutt ba samay nelaw naaw,,,,,,
XXXX Wa bakhna ladioumala ğŸ˜‚,,,,,,
XXXX XXXX XXXX PAC est plus titulaire cette annei pa rappor Ã  Ousseynou ba,,,,,,
XXXX https://t.co/hbQKg4g55Y,,,,,,
XXXX Gambi soriwoul dh dagn niouy dieulsiğŸ˜­ğŸ˜­ğŸ˜­ğŸ˜­niou dem Azie,,,,,,
ğŸš¨ğŸš¨ğŸš¨ https://t.co/Bndbbaalsi,,,,,,
Gremmy detruit https://t.co/RJogWwmold,,,,,,
XXXX XXXX XXXX XXXX XXXX XXXX XXXX XXXX XXXX XXXX https://t.co/siQ95DVZ92,,,,,,
XXXX Wollah,,,,,,
XXXX La prochaine fois faut m'inviter...,,,,,,
ğŸ˜­ğŸ˜­ğŸ˜­ğŸ˜­ rip plus de 5000 thiouth ont perdu la vie ce matin https://t.co/NF075ZN5zH,,,,,,
Amine ğŸ™ğŸ¾â¤ï¸ Niou bokk lepp In Shaa Allah ğŸ¥º Doundons â¤ï¸â¤ï¸â¤ï¸ https://t.co/DwlsNPxijH,,,,,,
Il sont Ã  la recherche de leur futur Messi ndeysane.  Ils nous gavent avec leur Gavi. https://t.co/6MPTymNhwt,,,,,,
XXXX XXXX XXXX Yemal la wakh ğŸ˜‚,,,,,,
SÃ©nÃ©gal vs Congo : Nampalys Mendy et Boulaye Dia dÃ©cryptent le match Ã  chaud... https://t.co/I221t86fSA https://t.co/lnt2kHOuH7,,,,,,
Pape Gueye sur ses dÃ©buts avec les Lions : "J'attendais ce moment... je suis entrÃ© sans pression"â€¦ https://t.co/HMYdnhTgQD,,,,,,
XXXX XXXX Rouss massi ğŸ˜­ğŸ˜­ğŸ˜‚,,,,,,
XXXX Yaw ak sa mbok yi si commentaires yi,,,,,,
Ichibei high diff https://t.co/Kh5vkDo8d6,,,,,,
Qui coupe des oignons par ici ğŸ¥ºğŸ¥ºğŸ¤§ ?? Je tâ€™aime â¤ï¸ğŸ¥º linga wax yeup si iow la nek mon amour https://t.co/JUYw6UeTsg,,,,,,
Investissez dans le starlink. Bonne nuit,,,,,,
Letâ€™s goooooooğŸ¥°ğŸ¥³ https://t.co/SaiQzrWdO6,,,,,,
XXXX Daga bipolaireğŸ˜­ğŸ˜­ğŸ˜­ğŸ˜­ğŸ˜­ğŸ˜­ğŸ˜‚ğŸ˜‚ğŸ˜‚ğŸ˜‚,,,,,,
XXXX En yeah je vois,,,,,,
XXXX Kay ma takla bok,,,,,,
XXXX XXXX XXXX BTC 104K$,,,,,,
XXXX Att yi moo gaaw si bopam,,,,,,
XXXX Messi nâ€™a rien demandÃ© pourquoi mettre son nom la dedans ? Et puis toi le grand mytho tu me parles-tu vÃ©ritÃ© qui fait mal ğŸ˜‚ğŸ˜‚,,,,,,
XXXX Si I know,,,,,,
Yvi va pas aimÃ© dhğŸ¤£ğŸ¤£ğŸ¤£ğŸ¤£ğŸ¤£ğŸ¤£ #primud2021,,,,,,
Baba couture 773753943 https://t.co/PXfEngmxRE,,,,,,
Ah kone lii la wakh eeeh Allah https://t.co/fBIwMi9W1Z,,,,,,
XXXX Ahaha damako guedj def,,,,,,
XXXX Assane dirimaaaa ğŸ˜‚ğŸ˜‚ğŸ˜‚ğŸ˜‚ğŸ˜‚,,,,,,
Des pÃ©dophiles de ğŸ¤¬,,,,,,
XXXX ğŸ˜‚ğŸ˜‚ğŸ˜‚ ce sont en gÃ©nÃ©ral des cousinages par alliance; Ã§a se gÃ¨re ğŸ˜‚ğŸ‘ŒğŸ¾,,,,,,
SchizophrÃ¨ne ba ngui ha ha ha https://t.co/epT74PCNxu,,,,,,
XXXX XXXX Continue rekk bama keppla,,,,,,
XXXX XXXX XXXX XXXX XXXX XXXX XXXX XXXX https://t.co/K1leuFYj6M,,,,,,
XXXX Yeah je vois Moi je suis pour Kouli et Diallo mais pour ce qui est des boys Ousseynou et pape abdoâ€¦ https://t.co/iY0tMP6vsj,,,,,,
XXXX Mais weeeeeeessh?ğŸ˜­ğŸ˜­ğŸ˜­ğŸ˜­ğŸ˜­ğŸ˜­je tâ€™ai fait quoi encore,,,,,,
FODEN  PABLO PAEZ NICO mes jeunes preferÃ©s,,,,,,
XXXX Legui rouss sakh defatomako putain ğŸ˜•ğŸ˜•,,,,,,
Spaces sur l'entrepreneuriat bi neexnama trop...  But; nombreux sont ici; qui veulent des conseils sur des business Ã  faire en partant de 0f,,,,,,
XXXX Eupna def,,,,,,
XXXX Dina gnow dh fall boul dÃ©courage rk,,,,,,
XXXX Billay nakkk,,,,,,
XXXX Moytoull sa boppou !,,,,,,
Warna bayi dem khew nak  Chaque je me sens trÃ¨s mal aprÃ¨s ğŸ¥º Dama fagÃ±aral trop,,,,,,
XXXX Torodo[o,,,,,,
Une nouvelle Ã¨re pour le BÃ©nin et l'histoire de l'art africain: https://t.co/kGt26ohxT4 #AfriquedelOuest,,,,,,
L'Afrique aux africains https://t.co/H4PPaJjEpc,,,,,,
XXXX ğŸ’€ğŸ’€ pourtant Ã§a va dh,,,,,,
Gossi Guertodee https://t.co/RjXBRrQgzs,,,,,,
XXXX XXXX Dinala setsi nioussla,,,,,,
https://t.co/0iVOoYtRat,,,,,,
ğŸ˜‚ğŸ˜‚ğŸ˜‚ğŸ˜‚ğŸ˜‚ğŸ˜‚ https://t.co/KLeVkADlhA,,,,,,
XXXX Do bayiii vitalait,,,,,,
OMG what a pass for curryğŸ¥°ğŸ”¥,,,,,,
XXXX Khamall lingayy wakhh rekk,,,,,,
Ils sont trop imprÃ©visibles benn copain dane ko door ba mattÃ« lekh bi https://t.co/YXQfVgXAqm,,,,,,
Lui câ€™est un pedophile ğŸ¤¬ğŸ¤¬ https://t.co/b5RnxYCZHV,,,,,,
XXXX XXXX Roussna green sinon saga nala,,,,,,
Diarra niang damako nam suba nako wo,,,,,,
Xalei bou bakh bi lepp loumey nianal sama bopp rek magui lakoy nianal te lou done lou guene si Ioe ğŸ¥ºâ¤ï¸ yalla sambeâ€¦ https://t.co/AntwjLtbvo,,,,,,
Qualif Mondial 2022 â€“ Zone Afrique : tous les rÃ©sultats de la soirÃ©e ! https://t.co/mGyyuGtOlP,,,,,,
Heure bouma  diakhle gua tew meune sonn si nit yeuk nit aussi tjr au pti soins avec moi â¤ï¸ğŸ¥º meusso beug Sama beut xâ€¦ https://t.co/rgZUr9bxcg,,,,,,
Câ€™est lâ€™anniversaire de la meilleure dâ€™entre nous ğŸ¥ºâ¤ï¸ ma Ninja â¤ï¸ sama Adama paris â¤ï¸ une fille vraiment es4ordinekâ€¦ https://t.co/tZrzwSX05Q,,,,,,
#dubnation,,,,,,
XXXX Moi mÃªme je le connais pas mais Ã§a m'a fait trop mal,,,,,,
XXXX Loutakh nga reww,,,,,,
XXXX Amine niou bokk lepp In Shaa AllahğŸ™ğŸ¾â¤ï¸ Merci ğŸ¤©â¤ï¸,,,,,,
XXXX Kon yao yaggo Twitter dğŸ˜ğŸ˜‚ğŸ˜‚,,,,,,
XXXX Jamais mane samayy mame nioo santhie dkr sama maman Diop la sante,,,,,,
Faut toujours Ã©couter les deux versions dâ€™une histoire.,,,,,,
Finalement lâ€™Ã¢me est matiÃ¨re !? https://t.co/0DtZPcMZmV,,,,,,
Qualif Mondial 2022 : la Serbie se qualifie et envoie le Portugal en barrages https://t.co/EDLu67Peqi,,,,,,
XXXX Amine way ğŸ¥º contane na dh mon ami â¤ï¸,,,,,,
XXXX Jâ€™aime bien cette rÃ©flexion fav â¤ï¸,,,,,,
Wiggins ğŸ¥° ğŸ¥° ğŸ”¥ğŸ”¥,,,,,,
XXXX XXXX Merci â¤ï¸â¤ï¸,,,,,,
XXXX XXXX XXXX Nio ?? Fann,,,,,,
XXXX HBD ğŸ‰ğŸŠ yalna milliards yi tÃ©wğŸ˜‚,,,,,,
XXXX Niom senn ekip rekk laniou xamm moatkh,,,,,,
Mane mom bayinaa i caaaaaanâ€™t ğŸ˜­ğŸ˜­ğŸ˜­beuss bou sokhnaa bator  commencer encaisser dÃ©faite gueine defma signe ğŸš¶ğŸ½â€â™‚ï¸ğŸš¶ğŸ½â€â™‚ï¸ https://t.co/83SwzTXhXE,,,,,,
XXXX Ok wa commission bi dinako lidjeunti,,,,,,
XXXX XXXX Il faut le faire comprendre alorsğŸ¤£ğŸ¤£ğŸ¤£,,,,,,
XXXX ğŸ¥² pourtant pas dh,,,,,,
XXXX XXXX XXXX Ki dafa rew,,,,,,
XXXX XXXX ğŸ˜‚ğŸ˜‚ğŸ˜‚yangui merrr dh,,,,,,
XXXX ğ…ğ«ğšğ¢ğœğ¡ğ ğŸ¥°,,,,,,
XXXX XXXX XXXX XXXX XXXX Suis dâ€™accord,,,,,,
XXXX Wa li nexul â¤ï¸,,,,,,
XXXX Okay lolou mettiwoul ğŸ˜‚,,,,,,
I love u â¤ğŸ”¥ğŸ”¥ğŸ’ªğŸ¼ https://t.co/IvcJJFklLz,,,,,,
Monnaie Ã©lectronique : Hausse de 50;60% des transactions transfrontaliÃ¨res en 2020 https://t.co/ftJvB9ocpp #senegal #kebetu #team221,,,,,,
Monnaie Ã©lectronique dans lâ€™Uemoa : La Valeur de transactions estimÃ©es Ã  20451;66 milliards de FCFA Ã  fin dÃ©cembreâ€¦ https://t.co/11n3QYg1ak,,,,,,
XXXX XXXX XXXX ğŸ˜…ğŸ˜… Ioe danga xamadi ğŸ˜‚,,,,,,
XXXX Maguiiiii ya wakh li,,,,,,
Je suis enrhumÃ© depuis 6 semaines environs. J'arrive pas Ã  dormir.  ğŸ¤§,,,,,,
XXXX XXXX Tu me veux quoi encore,,,,,,
â¤ï¸â¤ï¸ https://t.co/H64oX3krNa,,,,,,
XXXX XXXX Koyy charme yaw khana koo partagel rÃ¨gle ğŸ“ ngay weurğŸ˜‚ğŸ˜‚,,,,,,
MEN ARE TRASH!,,,,,,
Jâ€™ai ri; I Can sleep now,,,,,,
Tayy la done nÃ©kh Nak Serigne mountakha ah serigne mbaye sy mansour nÃ© kepp kouy dieufÃ© ndigeul bayil ndiangoum nassarane si ohğŸ˜ŒğŸ¤§,,,,,,
XXXX XXXX XXXX XXXX XXXX Jâ€™avoue mais Ã§a reste une grande Ã©quipe en Afrique,,,,,,
Ah donc RDT Ã©tait titulaire pour les espagnols ? Tiey Lucho; tiey football.,,,,,,
XXXX Ah c anormal ce qu'il a subit,,,,,,
Tadic c'est quelqu'un.,,,,,,
Le beau gosses le chouchou des nanas ğŸ”¥ğŸ”¥ğŸ”¥ https://t.co/mTJvpCI1ht,,,,,,
XXXX XXXX XXXX Oui; c'est exact. MalinkÃ© = Mandinka = Mandingue = SocÃ©...,,,,,,
XXXX Nguanima ğŸ˜­ğŸ˜­ğŸ˜‚,,,,,,
XXXX ğŸ˜”â¤â¤â¤â¤â¤â¤â¤â¤â¤â¤,,,,,,
XXXX Niaaaaaaaff,,,,,,
Alvaro Morata: BIG... GAME.... PLAYER.,,,,,,
ğŸ¤£ğŸ¤£ğŸ¤£ğŸ¤£ğŸ¤£ https://t.co/JA0qtxMAm9,,,,,,
XXXX XXXX Kaw kaw nga wone,,,,,,
XXXX iow ya may motiver nak ğŸ’,,,,,,
#Orpaillage en XXXX imaginez que ca trouve 2 l'or depuis 3000 ans! XXXX XXXX XXXX https://t.co/rBUieX2ccY,,,,,,
ğŸš¶ğŸ¿â€â™‚ï¸l'histoire lÃ  ğŸ¤£ğŸ‘Œ https://t.co/pINDuKL5i6,,,,,,
XXXX XXXX XXXX XXXX XXXX Contre le SÃ©nÃ©gal 2 fois lors de la can,,,,,,
Le BÃ¢timent et le chat. ğŸ”¥ https://t.co/zlZA4tnPuC,,,,,,
MalinkÃ©s = Mandika = SocÃ©.  Fin de cours... https://t.co/1G7kKRsnF5,,,,,,
XXXX Dama contane ğŸ˜­ğŸ˜­ğŸ˜­,,,,,,
XXXX Soff ngağŸ˜‚,,,,,,
Monstrueux ğŸ”¥ğŸ”¥ğŸ”¥ https://t.co/HSvBZW4KRg,,,,,,
https://t.co/SrlSpeMVgU,,,,,,
XXXX Peut-Ãªtre bien ğŸ˜‚ğŸ˜‚,,,,,,
XXXX For everyone,,,,,,
XXXX VoilÃ  donc je pense que Abdou Diallo doit venir dans lâ€™axe si jamais kouyatÃ© saute mais pas Ousseynou. Câ€™est mon opinion,,,,,,
XXXX Mdrr naniou ko mougn ret Golden diarna koğŸ˜­ğŸ˜­,,,,,,
XXXX AmiinğŸ™ğŸ¿,,,,,,
Kalidou Koulibaly : Â«Â Pape Abou a fait un grand match... On doit Ãªtre humble si on veut...Â Â» https://t.co/w47NayPVn1 https://t.co/RcnDuqR92e,,,,,,
XXXX Je suis chez moi tranquille  BLC https://t.co/3PTpkhi96y,,,,,,
Vous Ãªtes hyper hypocrites ici. C'est incroyable https://t.co/4LklP5FgR0,,,,,,
XXXX ğŸ˜‚ Amine ğŸ™ğŸ¾â¤ï¸,,,,,,
XXXX XXXX Hbday sama fils bi wish you all the best surtout yalla def la mÃ¨re  bou yarou waay,,,,,,
XXXX Mage moko wakhğŸ˜­ğŸ˜­,,,,,,
XXXX Allaahuma amiin ci sama rakk ji ooohğŸ˜­ğŸ™ˆ MbackÃ© yÃ gg fi te wÃ©r yawit.ğŸ™ğŸ¿,,,,,,
XXXX AmineğŸ™ğŸ¾ Merci ğŸ¥ºâ¤ï¸,,,,,,
XXXX Serigne bi daw sakh dafa touti nii laaay deff ğŸ¤£ğŸ¤£ https://t.co/rXfN4DX9mo,,,,,,
XXXX Defko bakhal rek soor thieb bi nonou amna ay khadj you doul lek lii,,,,,,
XXXX XXXX XXXX SUSHSJDJAJAJSJSHğŸ¤£ğŸ˜­ğŸ˜­ğŸ˜­ğŸ˜­ğŸ˜­ğŸ˜­ğŸ˜­ğŸ˜­ğŸ˜­,,,,,,
XXXX Pleure ğŸ˜¢,,,,,,
XXXX ğŸ˜,,,,,,
XXXX ğŸ‘,,,,,,
XXXX ğŸ¤£ğŸ¤£ğŸ¤£,,,,,,
XXXX My prayers are May we never be in a problem that we will need Nigerian government,,,,,,
Vrai comÃ©dien ce gars ğŸ˜‚ğŸ˜‚ https://t.co/d4FI34ZCHh,,,,,,
Primud eux tous ont portÃ© la mÃªme chaussures ayiii#Primud2021,,,,,,
â€œgugu gagaâ€ ğŸ¥´ğŸ˜‚ https://t.co/HeoC8dF2HB,,,,,,
